name,price,Aturan Pakai,Dosis,Efek Samping,Golongan Produk,Indikasi Umum,Kemasan,Komposisi,Kontra Indikasi,Manufaktur,No. Registrasi,Perhatian,uses,Unnamed: 14,Unnamed: 15,Unnamed: 16,Unnamed: 17,Unnamed: 18,Unnamed: 19,Unnamed: 20,Unnamed: 21,Unnamed: 22,Unnamed: 23,Unnamed: 24,Unnamed: 25,Unnamed: 26,Unnamed: 27,Unnamed: 28,Unnamed: 29,Unnamed: 30,Unnamed: 31,Unnamed: 32,Unnamed: 33,Unnamed: 34,Unnamed: 35,Unnamed: 36,Unnamed: 37,Unnamed: 38,Unnamed: 39,Unnamed: 40,Unnamed: 41,Unnamed: 42,Unnamed: 43,Unnamed: 44,Unnamed: 45,Unnamed: 46,Unnamed: 47,Unnamed: 48,Unnamed: 49,Unnamed: 50,Unnamed: 51,Unnamed: 52,Unnamed: 53,Unnamed: 54,Unnamed: 55,Unnamed: 56,Unnamed: 57,Unnamed: 58,Unnamed: 59,Unnamed: 60,Unnamed: 61,Unnamed: 62,Unnamed: 63,Unnamed: 64,Unnamed: 65,Unnamed: 66,Unnamed: 67,Unnamed: 68,Unnamed: 69,Unnamed: 70,Unnamed: 71,Unnamed: 72,Unnamed: 73,Unnamed: 74,Unnamed: 75,Unnamed: 76,Unnamed: 77
Bye Bye Fever Anak 10 Lembar,Rp100.000 - Rp104.000,Lepaskan lapisan transparan dan tempelkan permukaan yang melekat pada daerah yang kering dan bersih. Untuk meningkatkan efek dingin,,,,,,,,,,,, sakit kepala, sakit gigi san panas pada anak Plester ini memberikan efek dingin bekerja sampai 10 jam,,,,,,,,,,,,,,,,,,,,,,,,,,,,,,,,,,,,,,,,,,,,,,,,,,,,,,,,,,,,,,
Mefinal 500 mg 10 Kaplet,Rp18.000 - Rp19.600,Dikonsumsi sesudah makan.,PENGGUNAAN OBAT INI HARUS SESUAI DENGAN PETUNJUK DOKTER. Dewasa dan anak >14 tahun : 3 x sehari 500 mg. Lansia : Mulailah dengan dosis yang lebih rendah dan durasi sesingkat mungkin.,Pemakaian obat umumnya memiliki efek samping tertentu dan sesuai dengan masing-masing individu. Jika terjadi efek samping yang berlebih dan berbahaya,,,,,,,,,, merokok), gagal jantung ringan hingga sedang, hipovolemia, dehidrasi, Pasien yang lemah, gangguan ginjal dan hati, lansia, Ibu hamil (trimester 1-2) dan menyusui. Kategori kehamilan : Kategori C: Mungkin berisiko. Obat digunakan dengan hati-hati apabila besarnya manfaat yang diperoleh melebihi besarnya risiko terhadap janin. Penelitian pada hewan uji menunjukkan risiko terhadap janin dan belum terdapat penelitian langsung terhadap wanita hamil.;MEFINAL 500 MG merupakan obat dengan kandungan Asam Mefenamat yang bekerja secara reversible menghambat siklooksigenase 1 dan 2 (COX 1 dan 2) sehingga mengakibatkan penurunan laju sintesa prostaglandin dan menunjukan sifat analgesik, antiinflamasi dan antipiretik Obat ini dapat digunakan untuk Nyeri pada kondisi rematik, cedera jaringan lunak, kondisi muskuloskeletal menyakitkan lainnya, dismenorea, sakit kepala, sakit gigi, nyeri pasca operasi,,,,,,,,,,,,,,,,,,,,,,,,,,,,,,,,,,,,,,,,,,,,,,,,,
Opistan 500 mg 10 Kaplet,Rp6.400 - Rp9.500,Sesudah makan,PENGGUNAAN OBAT INI HARUS SESUAI DENGAN PETUNJUK DOKTER. Dewasa dan anak >14 tahun : 3 x sehari 500 mg. Lansia : Mulailah dengan dosis yang lebih rendah dan durasi sesingkat mungkin.,Pemakaian obat umumnya memiliki efek samping tertentu dan sesuai dengan masing-masing individu. Jika terjadi efek samping yang berlebih dan berbahaya,,,,,,,,,, dispepsia, mulas, gastritis. Gangguan hepatobilier: Hepatitis, penyakit kuning. Pemeriksaan penunjang: Peningkatan enzim hati. Gangguan sistem saraf: Meningitis aseptik, sakit kepala. Gangguan kejiwaan: Gugup, insomnia, kebingungan, depresi. Gangguan ginjal dan kemih: Disuria, sistitis. Gangguan sistem reproduksi dan payudara: Hematuria. Gangguan pernapasan, toraks dan mediastinum: Asma. Gangguan kulit dan jaringan subkutan: Pruritus, urtikaria, ruam, eritema multiforme. Gangguan pembuluh darah: Hipertensi. Berpotensi Fatal: Kejadian trombotik CV termasuk MI dan stroke, peradangan gastrointestinal, perdarahan, ulserasi, perforasi. Jarang, dermatitis eksfoliatif, nekrolisis epidermal toksik, sindrom Stevens-Johnson, hepatitis fulminan, nekrosis hati, gagal hati.;Obat Keras (Merah);INFORMASI OBAT INI HANYA UNTUK KALANGAN MEDIS. Meredakan nyeri ringan hingga sedang pada sakit kepala, sakit gigi, nyeri haid primer, termasuk nyeri karena trauma, nyeri otot, dan nyeri paska operasi;Dus, 10 Strip @ 10 Kaplet Salut Selaput;Asam Mefenamat 500 mg;Hipersensitivitas. Pasien dengan aktif atau riwayat tukak/perdarahan peptikum berulang, riwayat perdarahan gastrointestinal atau perforasi (terkait dengan terapi NSAID sebelumnya), penyakit radang usus, gagal jantung berat, riwayat asma, bronkospasme, rinitis, angioedema, urtikaria, atau tipe alergi reaksi setelah minum aspirin atau NSAID lainnya. Pengobatan nyeri peri-operatif dalam pengaturan operasi CABG. Ginjal (CrCl <30 mL/menit) dan gangguan hati berat. Kehamilan (trimester ketiga).;Otto Pharmaceutical Industries;BPOM: DKL8818803909A1;Obat Wajib Apotek, Obat ini dapat dibeli dan diserahkan apoteker tanpa resep dengan maksimum 2 Strip. Pembelian melebihi batas ini WAJIB RESEP DOKTER. Hati-hati penggunaan pada pasien dengan faktor risiko kejadian KV (misalnya hipertensi, hiperlipidemia, diabetes mellitus, merokok), gagal jantung ringan hingga sedang, hipovolemia, dehidrasi, Pasien yang lemah, gangguan ginjal dan hati, lansia, Ibu hamil (trimester 1-2) dan menyusui. Kategori kehamilan : Kategori C: Mungkin berisiko. Obat digunakan dengan hati-hati apabila besarnya manfaat yang diperoleh melebihi besarnya risiko terhadap janin. Penelitian pada hewan uji menunjukkan risiko terhadap janin dan belum terdapat penelitian langsung terhadap wanita hamil.;OPISTAN mengandung Asam mefenamat yang merupakan golongan NSAID Asam mefenamat secara reversibel menghambat siklooksigenase-1 dan -2 (COX-1 dan -2), sehingga mengakibatkan penurunan laju sintesis prostaglandin dan menunjukkan sifat analgesik, anti-inflamasi serta antipiretik Obat dengan kandungan Asam Mefenamat diindikasikan untuk nyeri ringan sampai sedang seperti sakit kepala, sakit gigi, dismenore primer, termasuk nyeri karena trauma, nyeri otot, dan nyeri pasca operasi,,,,,,,,
Panadol 500 mg 10 Kaplet,Rp12.000 - Rp15.400,Dikonsumsi sebelum atau sesudah makan.,Dewasa dan anak usia lebih dari 12 tahun : 1 - 2 kaplet,,,,,,,,,,, sakit pada otot, serta menurunkan demam.;Dus, 10 Blister @ 10 Kaplet;Setiap kaplet mengandung Paracetamol 500 mg;Penderita yang hipersensitif terhadap paracetamol dan bahan lain dalam obat ini. Penderita dengan gangguan fungsi hati.;Sterling;BPOM: DBL9624502804A1;Hati-hati penggunaan obat ini pada penderita penyakit ginjal. Bila setelah 2 hari demam tidak menurun atau setelah 5 hari nyeri tidak menghilang, segera hubungi Unit Pelayanan Kesehatan. Penggunaan obat ini pada penderita yang mengkonsumsi alkohol, dapat meningkatkan risiko kerusakan fungsi hati. Kategori kehamilan : Kategori B: Mungkin dapat digunakan oleh wanita hamil. Penelitian pada hewan uji tidak memperlihatkan ada nya risiko terhadap janin, namun belum ada bukti penelitian langsung terhadap wanita hamil.;PANADOL merupakan obat dengan kandungan Paracetamol yang dapat digunakan untuk meringankan rasa sakit pada sakit kepala, sakit gigi, sakit pada otot dan menurunkan demam Paracetamol bekerja pada pusat pengatur suhu di hipotalamus untuk menurunkan suhu tubuh (antipiretik) serta menghambat sintesis prostaglandin sehingga dapat mengurangi nyeri ringan sampai sedang (analgesik),,,,,,,,,,,,,,,,,,,,,,,,,,,,,,,,,,,,,,,,,,,,,,,,,,,,,,,,
Panadol Extra 10 Kaplet,Rp12.000 - Rp17.100,Sebelum atau sesudah makan.,Dewasa dan anak-anak lebih dari 12 tahun : 1 Kaplet,,,,,,,,,,, dapat meningkatkan risiko kerusakan fungsi hati. Kategori kehamilan : Kategori C: Mungkin berisiko. Obat digunakan dengan hati-hati apabila besarnya manfaat yang diperoleh melebihi besarnya risiko terhadap janin. Penelitian pada hewan uji menunjukkan risiko terhadap janin dan belum terdapat penelitian langsung terhadap wanita hamil.;PANADOL EXTRA merupakan obat dengan kandungan Paracetamol dan Caffeine Obat ini dapat digunakan untuk meringankan sakit kepala dan sakit gigi Paracetamol sebagai analgetik, bekerja dengan meningkatkan ambang rasa sakit dan Caffeine bekerja dengan menghambat kerja reseptor adenosin sehingga mengurangi rasa nyeri,,,,,,,,,,,,,,,,,,,,,,,,,,,,,,,,,,,,,,,,,,,,,,,,,,,,,,,,,,,,,,
Asam Mefenamat 500 mg 10 Kaplet,Rp3.700 - Rp5.000,Diberikan sesudah makan atau bersama dengan makan,PENGGUNAAN OBAT INI HARUS SESUAI DENGAN PETUNJUK DOKTER. Dewasa dan anak >14 tahun : 3 x sehari 500 mg. Lansia : Mulailah dengan dosis yang lebih rendah dan durasi sesingkat mungkin.,Pemakaian obat umumnya memiliki efek samping tertentu dan sesuai dengan masing-masing individu. Jika terjadi efek samping yang berlebih dan berbahaya,,,,,,,,,, dispepsia, mulas, gastritis. Gangguan hepatobilier: Hepatitis, penyakit kuning. Pemeriksaan penunjang: Peningkatan enzim hati. Gangguan sistem saraf: Meningitis aseptik, sakit kepala. Gangguan kejiwaan: Gugup, insomnia, kebingungan, depresi. Gangguan ginjal dan kemih: Disuria, sistitis. Gangguan sistem reproduksi dan payudara: Hematuria. Gangguan pernapasan, toraks dan mediastinum: Asma. Gangguan kulit dan jaringan subkutan: Pruritus, urtikaria, ruam, eritema multiforme. Gangguan pembuluh darah: Hipertensi. Berpotensi Fatal: Kejadian trombotik CV termasuk MI dan stroke, peradangan gastrointestinal, perdarahan, ulserasi, perforasi. Jarang, dermatitis eksfoliatif, nekrolisis epidermal toksik, sindrom Stevens-Johnson, hepatitis fulminan, nekrosis hati, gagal hati.;Obat Keras (Merah);INFORMASI OBAT INI HANYA UNTUK KALANGAN MEDIS. Meredakan nyeri ringan hingga sedang pada sakit kepala, sakit gigi, nyeri haid primer, termasuk nyeri karena trauma, nyeri otot, dan nyeri paska operasi;Dus, 10 Strip @ 10 kaplet salut selaput;Asam Mefenamat 500 mg;Hipersensitivitas. Pasien dengan aktif atau riwayat tukak/perdarahan peptikum berulang, riwayat perdarahan gastrointestinal atau perforasi (terkait dengan terapi NSAID sebelumnya), penyakit radang usus, gagal jantung berat, riwayat asma, bronkospasme, rinitis, angioedema, urtikaria, atau tipe alergi reaksi setelah minum aspirin atau NSAID lainnya. Pengobatan nyeri peri-operatif dalam pengaturan operasi CABG. Ginjal (CrCl <30 mL/menit) dan gangguan hati berat. Kehamilan (trimester ketiga).;Generic Manufacturer;BPOM: GKL9519915009A1* *) Obat ini merupakan obat Generik. Nomor Registrasi dapat berbeda sesuai dengan ketersediaan stock Apotek.;Obat Wajib Apotek, Obat ini dapat dibeli dan diserahkan apoteker tanpa resep dengan maksimum 2 Strip. Pembelian melebihi batas ini WAJIB RESEP DOKTER. Hati-hati penggunaan pada pasien dengan faktor risiko kejadian KV (misalnya hipertensi, hiperlipidemia, diabetes mellitus, merokok), gagal jantung ringan hingga sedang, hipovolemia, dehidrasi, Pasien yang lemah, gangguan ginjal dan hati, lansia, Ibu hamil (trimester 1-2) dan menyusui. Kategori kehamilan : Kategori C: Mungkin berisiko. Obat digunakan dengan hati-hati apabila besarnya manfaat yang diperoleh melebihi besarnya risiko terhadap janin. Penelitian pada hewan uji menunjukkan risiko terhadap janin dan belum terdapat penelitian langsung terhadap wanita hamil.;ASAM MEFENAMAT atau MEFENAMIC ACID merupakan obat yang termasuk dalam golongan anti infalamasi non steroid sebagai anti nyeri pada tingkat ringan hingga sedang, dengan cara secara reversibel menghambat siklooksigenase-1 dan -2 (COX-1 dan -2), sehingga mengakibatkan penurunan laju sintesis prostaglandin dan menunjukkan sifat analgesik, anti-inflamasi serta antipiretik Obat dengan kandungan Asam Mefenamat diindikasikan untuk nyeri ringan sampai sedang seperti sakit kepala, sakit gigi, dismenore primer, termasuk nyeri karena trauma, nyeri otot, dan nyeri pasca operasi,,,,,,,
Ponstan 500 mg 10 Tablet,Rp34.600 - Rp39.600,Diberikan sesudah makan,PENGGUNAAN OBAT INI HARUS SESUAI DENGAN PETUNJUK DOKTER. Dewasa dan anak >14 tahun : 3 x sehari 500 mg. Lansia : Mulailah dengan dosis yang lebih rendah dan durasi sesingkat mungkin.,Pemakaian obat umumnya memiliki efek samping tertentu dan sesuai dengan masing-masing individu. Jika terjadi efek samping yang berlebih dan berbahaya,,,,,,,,,, dispepsia, mulas, gastritis. Gangguan hepatobilier: Hepatitis, penyakit kuning. Pemeriksaan penunjang: Peningkatan enzim hati. Gangguan sistem saraf: Meningitis aseptik, sakit kepala. Gangguan kejiwaan: Gugup, insomnia, kebingungan, depresi. Gangguan ginjal dan kemih: Disuria, sistitis. Gangguan sistem reproduksi dan payudara: Hematuria. Gangguan pernapasan, toraks dan mediastinum: Asma. Gangguan kulit dan jaringan subkutan: Pruritus, urtikaria, ruam, eritema multiforme. Gangguan pembuluh darah: Hipertensi. Berpotensi Fatal: Kejadian trombotik CV termasuk MI dan stroke, peradangan gastrointestinal, perdarahan, ulserasi, perforasi. Jarang, dermatitis eksfoliatif, nekrolisis epidermal toksik, sindrom Stevens-Johnson, hepatitis fulminan, nekrosis hati, gagal hati.;Obat Keras (Merah);INFORMASI OBAT INI HANYA UNTUK KALANGAN MEDIS. Meredakan nyeri ringan hingga sedang pada sakit kepala, sakit gigi, nyeri haid primer, termasuk nyeri karena trauma, nyeri otot, dan nyeri paska operasi;Dus, 10 Blister @ 10 tablet salut selaput;Asam Mefenamat 500 mg;Hipersensitivitas. Pasien dengan aktif atau riwayat tukak/perdarahan peptikum berulang, riwayat perdarahan gastrointestinal atau perforasi (terkait dengan terapi NSAID sebelumnya), penyakit radang usus, gagal jantung berat, riwayat asma, bronkospasme, rinitis, angioedema, urtikaria, atau tipe alergi reaksi setelah minum aspirin atau NSAID lainnya. Pengobatan nyeri peri-operatif dalam pengaturan operasi CABG. Ginjal (CrCl <30 mL/menit) dan gangguan hati berat. Kehamilan (trimester ketiga).;Pfizer;BPOM: DKL8519807117A1;Obat Wajib Apotek, Obat ini dapat dibeli dan diserahkan apoteker tanpa resep dengan maksimum 2 Strip. Pembelian melebihi batas ini WAJIB RESEP DOKTER. Hati-hati penggunaan pada pasien dengan faktor risiko kejadian KV (misalnya hipertensi, hiperlipidemia, diabetes mellitus, merokok), gagal jantung ringan hingga sedang, hipovolemia, dehidrasi, Pasien yang lemah, gangguan ginjal dan hati, lansia, Ibu hamil (trimester 1-2) dan menyusui. Kategori kehamilan : Kategori C: Mungkin berisiko. Obat digunakan dengan hati-hati apabila besarnya manfaat yang diperoleh melebihi besarnya risiko terhadap janin. Penelitian pada hewan uji menunjukkan risiko terhadap janin dan belum terdapat penelitian langsung terhadap wanita hamil.;PONSTAN mengandung Asam mefenamat yang merupakan golongan NSAID Asam mefenamat secara reversibel menghambat siklooksigenase-1 dan -2 (COX-1 dan -2), sehingga mengakibatkan penurunan laju sintesis prostaglandin dan menunjukkan sifat analgesik, anti-inflamasi serta antipiretik Obat dengan kandungan Asam Mefenamat diindikasikan untuk nyeri ringan sampai sedang seperti sakit kepala, sakit gigi, dismenore primer, termasuk nyeri karena trauma, nyeri otot, dan nyeri pasca operasi,,,,,,,,
Dexketoprofen 25 mg 10 Tablet,Rp37.100 - Rp44.900,Diminum pada perut kosong,,,,,,,,,,,, bronkhopasme, rinitis akut, polip nasal, urtikaria, edema angioneurotik yang dipicu OAINS lainnya. Gangguan fungsi ginjal sedang dan berat, gangguan fungsi hati berat, hamil (trimester 3) dan laktasi.;Generic Manufacturer;BPOM: GKL1740500717A1* *) Obat ini merupakan obat Generik. Nomor Registrasi dapat berbeda sesuai dengan ketersediaan stock Apotek.;HARUS DENGAN RESEP DOKTER. Riwayat alergi obat, hipertensi tidak terkontrol, riwayat penyakit jantung, asma bronkial, esofagitis, gastritis, dan tukak peptik. Hentikan jika terjadi pendarahan atau tukak saluran cerna. Menghambat agregasi platelet dan memperpanjang waktu perdarahan. Tidak dianjurkan untuk penggunaan jangka panjang. Gangguan ginjal ringan, gangguan hati ringan dan sedang, lanjut usia dan hamil (trimester 1 & 2).;DEXKETOPROFEN 25 MG TABLET adalah obat anti inflamasi non steroid (OAINS) Dexketoprofen memiliki sifat analgesik (anti nyeri), anti inflamasi (anti radang), dan anti piretik (penurun panas) Obat ini digunakan untuk nyeri muskuloskeletal akut, dismenorea, sakit gigi, nyeri pasca operasi Dexketoprofen bekerja dengan menekan sintestis prostaglandin melalui penghambatan jalur cyclooxygenase,,,,,,,,,,,,,,,,,,,,,,,,,,,,,,,,,,,,,,,,,,,,
Kalium Diklofenak 50 mg 10 Tablet,Rp6.400 - Rp9.400,Dikonsumsi sesudah makan,PENGGUNAAN OBAT INI HARUS SESUAI DENGAN PETUNJUK DOKTER. Dewasa dan Anak diatas 14 tahun: 25 mg atau 50 mg,,,,,,,,,,, anemia, gangguan pembekuan darah. Penggunaan bersama dengan NSAID, antiplatelet, antikoagulan. Hamil (trimester ketiga).;Generic Manufacturer;BPOM: GKL9805025217B1* *) Obat ini merupakan obat Generik. Nomor Registrasi dapat berbeda sesuai dengan ketersediaan stock Apotek.;HARUS DENGAN RESEP DOKTER. Memiliki riwayat penyakit atau faktor resiko gangguan kardiovaskular, hipertensi dan gagal jantung. Memiliki riwayat penyakit tukak lambung, gangguan fungsi hati, dan gangguan fungsi ginjal. Hindari penggunaan jangka panjang. Wanita hamil dan menyusui. Kategori Kehamilan : C;KALIUM DIKLOFENAK adalah obat anti nyeri golongan OAINS (obat anti inflamasi non steroid) untuk mengobati nyeri ringan sampai sedang Obat ini hanya di gunakan jangka pendek untuk meringankan nyeri akibat radang sendi, pengapuran tulang, sakit gigi, kram menstruasi,,,,,,,,,,,,,,,,,,,,,,,,,,,,,,,,,,,,,,,,,,,,,,,,,,,,,,
Farsifen Plus 10 Tablet,Rp7.200 - Rp8.700,Sesudah makan,Dewasa dan anak usia di atas 12 tahun : 1 kaplet 3-4 kali sehari.,Pemakaian obat umumnya memiliki efek samping tertentu dan sesuai dengan masing-masing individu. Jika terjadi efek samping yang berlebih dan berbahaya,,,,,,,,,, asma bronkial, gangguan jantung berat, alkoholik.;Ifars;BPOM: DTL1009220804A1;Jangan diberikan pada anak usia di bawah 12 tahun, kecuali dalam pengawasan dokter. Penderita dengan riwayat hipertensi, gangguan ginjal dan hati. Hamil trimester 1 & 2. Laktasi. Kategori Kehamilan Ibuprofen dan Kafein : Kategori C: Mungkin berisiko. Obat digunakan dengan hati-hati apabila besarnya manfaat yang diperoleh melebihi besarnya risiko terhadap janin. Penelitian pada hewan uji menunjukkan risiko terhadap janin dan belum terdapat penelitian langsung terhadap wanita hamil.;FARSIFEN PLUS merupakan obat dengan kandungan Paracetamol, Ibuprofen dan Kafein Obat ini digunakan untuk meringankan rasa nyeri pada sakit kepala, nyeri otot, sakit gigi, nyeri haid (dismenore primer) dan menurunkan demam Paracetamol bekerja sebagai pereda demam (antipiretik) sekaligus mengurangi rasa nyeri (analgetik) Ibuprofen termasuk golongan obat anti inflamasi non steroid (NSAID) Ibuprofen memiliki efek anti inflamasi, analgesik (menurunkan rasa nyeri), dan antipiretik (menurunkan demam) Kafein bekerja sebagai stimulan sistem saraf pusat yang memiliki efek mengembalikan kesiagaan selama sakit kepala terjadi,,,,,,,,,,,,,,,,,,,,,,,,,,,,,,,,,,,,,,,,,,,,,,,,,,,,,
Mefinal 250 mg 10 Kapsul,Rp8.800 - Rp9.800,Diberikan sesudah makan,PENGGUNAAN OBAT INI HARUS SESUAI DENGAN PETUNJUK DOKTER. Dewasa dan anak >14 tahun : 3 x sehari 500 mg. Lansia : Mulailah dengan dosis yang lebih rendah dan durasi sesingkat mungkin.,Pemakaian obat umumnya memiliki efek samping tertentu dan sesuai dengan masing-masing individu. Jika terjadi efek samping yang berlebih dan berbahaya,,,,,,,,,, dispepsia, mulas, gastritis. Gangguan hepatobilier: Hepatitis, penyakit kuning. Pemeriksaan penunjang: Peningkatan enzim hati. Gangguan sistem saraf: Meningitis aseptik, sakit kepala. Gangguan kejiwaan: Gugup, insomnia, kebingungan, depresi. Gangguan ginjal dan kemih: Disuria, sistitis. Gangguan sistem reproduksi dan payudara: Hematuria. Gangguan pernapasan, toraks dan mediastinum: Asma. Gangguan kulit dan jaringan subkutan: Pruritus, urtikaria, ruam, eritema multiforme. Gangguan pembuluh darah: Hipertensi. Berpotensi Fatal: Kejadian trombotik CV termasuk MI dan stroke, peradangan gastrointestinal, perdarahan, ulserasi, perforasi. Jarang, dermatitis eksfoliatif, nekrolisis epidermal toksik, sindrom Stevens-Johnson, hepatitis fulminan, nekrosis hati, gagal hati.;Obat Keras (Merah);INFORMASI OBAT INI HANYA UNTUK KALANGAN MEDIS. Meredakan nyeri ringan hingga sedang pada sakit kepala, sakit gigi, nyeri haid primer, termasuk nyeri karena trauma, nyeri otot, dan nyeri paska operasi;Dus, 10 Strip @ 10 Kapsul;Asam mefenamat 250 mg;Hipersensitivitas. Pasien dengan aktif atau riwayat tukak/perdarahan peptikum berulang, riwayat perdarahan gastrointestinal atau perforasi (terkait dengan terapi NSAID sebelumnya), penyakit radang usus, gagal jantung berat, riwayat asma, bronkospasme, rinitis, angioedema, urtikaria, atau tipe alergi reaksi setelah minum aspirin atau NSAID lainnya. Pengobatan nyeri peri-operatif dalam pengaturan operasi CABG. Ginjal (CrCl <30 mL/menit) dan gangguan hati berat. Kehamilan (trimester ketiga).;Sanbe Farma;BPOM: DKL8122200401A1;Obat Wajib Apotek, Obat ini dapat dibeli dan diserahkan apoteker tanpa resep dengan maksimum 2 Strip. Pembelian melebihi batas ini WAJIB RESEP DOKTER. Hati-hati penggunaan pada pasien dengan faktor risiko kejadian KV (misalnya hipertensi, hiperlipidemia, diabetes mellitus, merokok), gagal jantung ringan hingga sedang, hipovolemia, dehidrasi, Pasien yang lemah, gangguan ginjal dan hati, lansia, Ibu hamil (trimester 1-2) dan menyusui. Kategori kehamilan : Kategori C: Mungkin berisiko. Obat digunakan dengan hati-hati apabila besarnya manfaat yang diperoleh melebihi besarnya risiko terhadap janin. Penelitian pada hewan uji menunjukkan risiko terhadap janin dan belum terdapat penelitian langsung terhadap wanita hamil.;MEFINAL mengandung Asam mefenamat yang merupakan golongan NSAID Asam mefenamat secara reversibel menghambat siklooksigenase-1 dan -2 (COX-1 dan -2), sehingga mengakibatkan penurunan laju sintesis prostaglandin dan menunjukkan sifat analgesik, anti-inflamasi serta antipiretik Obat dengan kandungan Asam Mefenamat diindikasikan untuk nyeri ringan sampai sedang seperti sakit kepala, sakit gigi, dismenore primer, termasuk nyeri karena trauma, nyeri otot, dan nyeri pasca operasi,,,,,,,,
Paramex 4 Tablet,Rp2.500 - Rp3.100,Sesudah makan,Dewasa dan anak-anak diatas 12 tahun : 2-3 kali sehari 1 tablet.,Mengantuk. Dosis besar atau terapi jangka panjang dapat menyebabkan kerusakan hati,Obat Bebas Terbatas (Biru),Meringankan sakit kepala dan sakit gigi,Dus,,,,,,,,,,,,,,,,,,,,,,,,,,,,,,,,,,,,,,,,,,,,,,,,,,,,,,,,,,,,,,,,,,,,,,
Flamar 50 mg 10 Tablet,Rp23.200 - Rp28.100,Sesudah makan. Telan utuh,,,,,,,,,,,, penyakit Crohn, gangguan fungsi hati, gangguan fungsi ginjal, asma, lansia, anak-anak, ibu hamil dan menyusui. Hipersensitif terhadap diklofenak.;FLAMAR 50 MG 10 TABLET mengandung zat aktif Natrium Diclofenac yang merupakan obat golongan NSAID Obat ini digunakan untuk mengurangi nyeri, gangguan inflamasi (radang), dismenore (nyeri haid), nyeri ringan sampai sedang pasca operasi khususnya ketika pasien juga mengalami peradangan Dapat pula digunakan untuk mengurangi rasa sakit pada penderita arthritis, rheumatoid arthritis, osteoarthritis, sakit gigi, migrain akut, asam urat dan nyeri karena batu ginjal dan batu empedu,,,,,,,,,,,,,,,,,,,,,,,,,,,,,,,,,,,,,,,,,,,,,,,,,
Ketoprofen 100 mg 10 Tablet,Rp9.300 - Rp19.300,Dikonsumsi sesudah makan,PENGGUNAAN OBAT INI HARUS SESUAI DENGAN PETUNJUK DOKTER. Nyeri sendi,,,,,,,,,,, pusing, nyeri kepala, mual, muntah, kejang, halusinasi;Obat Keras (Merah);INFORMASI OBAT INI HANYA UNTUK KALANGAN MEDIS. Diindikasikan untuk : - Keadaan nyeri sendi serta radang sendi dalam penyakit Rheumatoid Arthritis serta Asam urat;;;;;;;KETOPROFEN 100 MG adalah termasuk obat golongan anti-inflamasi non steroid, digunakan untuk migrain, nyeri menstruasi, sakit gigi ataupun demam pada anak dan juga dewasa Ketoprofen bekerja dengan cara menghambat enzim yang bernama prostalglandin sehingga menghambat pembengkakan serta nyeri yang dirasakan bisa mereda atau membaik,,,,,,,,,,,,,,,,,,,,,,,,,,,,,,,,,,,,,,,,,,,,,,,,,,,,,,,
Lapistan 500 mg 10 Tablet,Rp22.600 - Rp25.300,Sesudah makan,PENGGUNAAN OBAT INI HARUS SESUAI DENGAN PETUNJUK DOKTER. Dewasa dosis Awal 500 mg,,,,,,,,,,, Obat ini dapat dibeli dan diserahkan apoteker tanpa resep dengan maksimum 2 Strip. Pembelian melebihi batas ini WAJIB RESEP DOKTER. Pasien dengan gangguan atau faktor resiko kardiovaskular, riwayat peptic ulser atau perdarahan GI, gangguan hati dan ginjal, ibu hamil dan menyusui.;LAPISTAN merupakan obat dengan kandungan Asam Mefenamat yang berfungsi sebagai anti nyeri pada tingkat ringan hingga sedang Obat ini sering digunakan untuk meredakan sakit kepala, migrain, sakit gigi, nyeri haid, serta nyeri pada otot dan sendi,,,,,,,,,,,,,,,,,,,,,,,,,,,,,,,,,,,,,,,,,,,,,,,,,,,,,,,,
Renadinac 50 mg 10 Tablet,Rp3.700 - Rp9.800,Sesudah makan,PENGGUNAAN OBAT INI HARUS SESUAI DENGAN PETUNJUK DOKTER. Dewasa dan Anak diatas 14 tahun: 25 mg atau 50 mg,,,,,,,,,,, spondilitis ankilosa;Dus, 10 Strip @ 10 Tablet;Natrium Diklofenak 50 mg;Hipersensitifitas terhadap komponen dalam obat. Pasien yg mengalami asma, tukak peptik, urtikaria, rinitis akut yg diinduksi oleh asam asetil salisilat (aspirin) atau AINS lain.;Fahrenheit;BPOM: DKL9131503115A1;HARUS DENGAN RESEP DOKTER. Memiliki riwayat penyakit atau faktor resiko gangguan kardiovaskular, hipertensi, retensi cairan, gagal jantung. Memiliki riwayat penyakit tukak lambung/usus, penyakit Crohn, gangguan fungsi hati, gangguan fungsi ginjal, asma, lansia, anak-anak, ibu hamil dan menyusui. Hipersensitif terhadap diklofenak. Kategori Kehamilan : C;RENADINAC 50 MG 10 TABLET mengandung zat aktif Natrium Diclofenac yang merupakan obat golongan NSAID Obat ini digunakan untuk mengurangi nyeri, gangguan inflamasi (radang), dismenore (nyeri haid), nyeri ringan sampai sedang pasca operasi khususnya ketika pasien juga mengalami peradangan Dapat pula digunakan untuk mengurangi rasa sakit pada penderita arthritis, rheumatoid arthritis, osteoarthritis, sakit gigi, migrain akut, asam urat dan nyeri karena batu ginjal dan batu empedu,,,,,,,,,,,,,,,,,,,,,,,,,,,,,,,,,,,,,,,,,
Aclonac 50 mg 10 Tablet,Rp11.600 - Rp14.000,Sesudah makan,PENGGUNAAN OBAT INI HARUS SESUAI DENGAN PETUNJUK DOKTER. Dewasa dan Anak diatas 14 tahun: 25 mg atau 50 mg,,,,,,,,,,, siklosporin, kuinolon.;Obat Keras (Merah);INFORMASI OBAT INI HANYA UNTUK KALANGAN MEDIS. Meredakan nyeri dan mengurangi inflamasi pada pasien Rematoid Atritis akut dan kronis, nyeri pada tulang, spondilitis ankilosa;1 Dos Isi 3 Strip X 10 Tablet;Kalium Diklofenak 50 mg;Kontraindikasi bagi pasien dengan perdarahan, ulserasi atau perforasi saluran cerna.;Pharos;BPOM: DKL0621632117B1;HARUS DENGAN RESEP DOKTER. Memiliki riwayat penyakit atau faktor resiko gangguan kardiovaskular, hipertensi, retensi cairan, gagal jantung. Memiliki riwayat penyakit tukak lambung/usus, penyakit Crohn, gangguan fungsi hati, gangguan fungsi ginjal, asma, lansia, anak-anak, ibu hamil dan menyusui. Hipersensitif terhadap diklofenak.;ACLONAC 50 MG merupakan obat dengan kandungan Kalium Diklofenak yang berfungsi sebagai anti nyeri Obat ini sering digunakan untuk mengatasi sakit gigi, nyeri pada sendi, serta nyeri haid,,,,,,,,,,,,,,,,,,,,,,,,,,,,,,,,,,,,,,,,,,,,,,,
Anastan Forte 10 Kaplet,Rp8.500 - Rp10.300,diberikan sesudah makan,PENGGUNAAN OBAT INI HARUS SESUAI DENGAN PETUNJUK DOKTER. Dewasa dosis Awal 500 mg,,,,,,,,,,, hamil dan menyusui;Gratia Husada Farma;BPOM: DKL9207802304A2;Obat Wajib Apotek, Obat ini dapat dibeli dan diserahkan apoteker tanpa resep dengan maksimum 2 Strip. Pembelian melebihi batas ini WAJIB RESEP DOKTER. Pasien dengan gangguan atau faktor resiko kardiovaskular, riwayat peptic ulser atau perdarahan GI, gangguan hati dan ginjal, ibu hamil dan menyusui.;ANASTAN FORTE merupakan obat dengan kandungan Asam Mefenamat yang berfungsi sebagai anti nyeri pada tingkat ringan hingga sedang Obat ini sering digunakan untuk meredakan sakit kepala, sakit gigi, nyeri haid, nyeri pada otot dan sendi, serta nyeri paska operasi,,,,,,,,,,,,,,,,,,,,,,,,,,,,,,,,,,,,,,,,,,,,,,,,,,,,,,,
Bufect Suspensi 100mg/5ml 60ml,Rp19.900 - Rp24.100,Sesudah makan,Dewasa : 5 ml Anak-anak :Untuk meringankan nyeri dan menurunkan demam (20 mg/kg dalam dosis terbagi) 1-2 tahun (2,,,,,,,,,,, menurunkan demam.;Dus, Botol Plastik @ 60 ml;Ibuprofen 100 mg/ 5ml;alergi, operasi by pass jantung, pasien ginjal, hati, asma, urtikaria, tukak pada lambung atau usus, demam berdarah.;Sanbe Farma;BPOM: DTL9922231133A1;1. Tidak boleh melebihi dosis yang dianjurkan 2. Sebelum menggunakan obat ini agar dikonsultasikan terlebih dahulu dengan dokter apabila menderita penyakit saluran cerna bagian atas (ulkus peptikum);BUFECT SUSPENSI 100MG/5ML 60ML adalah obat yang digunakan untuk meredakan demam, sakit kepala, sakit gigi, sakit pada telinga, nyeri haid, dan nyeri ringan lainnya Bufect mengandung ibuprofen, obat yang termasuk nonsteroidal anti-inflammatory drug (NSAID),ibuprofen bekerja dengan cara menghambat kerja enzim siklooksigenase (COX),,,,,,,,,,,,,,,,,,,,,,,,,,,,,,,,,,,,,,,,,,,,,,,,
Cataflam Drops 15 ml,Rp64.400 - Rp64.500,Sesudah makan,PENGGUNAAN OBAT INI HARUS SESUAI DENGAN PETUNJUK DOKTER. Dewasa : Awal : 100-150 mg. Anak >14 tahun : 75-100 mg/hari. Anak 6 tahun : 1.5-2 mg/kg BB/hari. Diberikan dalam 2-3 dosis tergantung dari beratnya penyakit,Sakit kepala,,,,,,,,,, gangguan ginjal, atau gagal jantung. Asma, urtikaria, rinitis akut. Hamil trimester terakhir;Novartis Indonesia;BPOM: DKI0667504636A1;HARUS DENGAN RESEP DOKTER. Penyakit kardiovaskuler, MI dan stroke. Gangguan GI. Penggunaan COX-2 selektif. Asma, kolitis ulseratif, penyakit Crohn, gangguan fungsi hati, jantung atau ginjal.;CATAFLAM DROPS adalah obat yang digunakan sebagai pereda nyeri, mengurangi gangguan inflamasi (radang), dismenore, nyeri ringan sampai sedang pasca operasi khususnya ketika pasien juga mengalami peradangan Cataflam Oral Drops juga digunakan sebagai pereda nyeri pada penderita arthritis, rheumatoid arthritis, osteoarthritis, sakit gigi, migrain akut, asam urat dan nyeri karena batu ginjal dan batu empedu,,,,,,,,,,,,,,,,,,,,,,,,,,,,,,,,,,,,,,,,,,,,,,,
Dolofen-F 400 mg 10 Kapsul,Rp10.400 - Rp12.600,Sesudah makan,PENGGUNAAN OBAT INI HARUS SESUAI DENGAN PETUNJUK DOKTER. Dewasa inflamasi & analgesik: 3-4 kali sehari 400mg. analgesik: 3-4 kali sehari 200-400mg,,,,,,,,,,, dan wanita hamil trimester 3.Penderita dengan syndroma nasal polyps, angioedema dan reaksi bronkospasme terhadap asetosal (aspirin) atau antiinflamasi non steroid yang lain.;Tempo Scan Pacific;BPOM: DKL1530708501A1;Obat Wajib Apotek, Obat ini dapat dibeli dan diserahkan apoteker tanpa resep dengan maksimum 1 Strip. Pembelian melebihi batas ini WAJIB RESEP DOKTER. Penderita gangguan fungsi ginjal, gagal jantung, hipertensi, dan penyakit lain yang mengakibatkan retensi cairan tubuh, asma, gangguan pembekuan darah, lupus ertematosus sistemik.Hati-hati penggunaan pada anak usia di bawah 1 tahun, wanita hamil trimester 1 dan 2, dan ibu menyusui.Hati-hati pemberian pada penderita tukak lambung atau mempunyai riwayat tukak lambung.Hati-hati pada penderita yang sedang mendapatkan antikoagulan kumarin.;DOLOFEN-F merupakan obat dengan kandungan Ibuprofen 400 mg Obat ini dapat digunakan untuk meredakan nyeri ringan sampai sedang seperti nyeri setelah pembedahan, sakit gigi, haid, dan sakit kepala,,,,,,,,,,,,,,,,,,,,,,,,,,,,,,,,,,,,,,,,,,,,,,,,,,
Eflagen 50 mg 10 Tablet,Rp28.700 - Rp32.500,Sesudah makan,PENGGUNAAN OBAT INI HARUS SESUAI DENGAN PETUNJUK DOKTER. Dewasa dan Anak diatas 14 tahun: 25 mg atau 50 mg,,,,,,,,,,, leukopenia, anemia, agranulositosis. Jarang, edema, impotensi, palpitasi, nyeri dada, hipertensi.;Obat Keras (Merah);INFORMASI OBAT INI HANYA UNTUK KALANGAN MEDIS. Meredakan nyeri dan mengurangi inflamasi pada pasien Rematoid Atritis akut dan kronis, nyeri pada tulang, spondilitis ankilosa.;Dus, 5 Strip @ 10 Tablet;Kalium Diklofenak 50 mg;Hipersensitivitas, tukak lambung, serangan asma, urtikaria, rinitis akut, Penyakit jantung iskemik, Penyakit arteri perifer, Penyakit serebrovaskuler, Gagal jantung kongestif (NYHA (New York Heart Association) kelas II-IV).;Sanbe Farma;BPOM: DKL9722222016B1;HARUS DENGAN RESEP DOKTER. Memiliki riwayat penyakit atau faktor resiko gangguan kardiovaskular, hipertensi, retensi cairan, gagal jantung. Memiliki riwayat penyakit tukak lambung/usus, penyakit Crohn, gangguan fungsi hati, gangguan fungsi ginjal, asma, lansia, anak-anak <14 tahun, ibu hamil dan menyusui. Hipersensitif terhadap diklofenak.;EFLAGEN 50 MG merupakan obat dengan kandungan Kalium Diklofenak yang berfungsi sebagai anti nyeri Obat ini sering digunakan untuk mengatasi sakit gigi, nyeri pada sendi, serta nyeri haid,,,,,,,,,,,,,,,,,,,,,,,,,,,,,,,,,
Fargetix 500 mg 10 Kaplet,Rp7.100 - Rp8.600,Setelah makan,PENGGUNAAN OBAT INI HARUS SESUAI DENGAN PETUNJUK DOKTER. Dewasa dan anak 500 mg,,,,,,,,,,, nyeri otot;Dus, 10 strip @10 tablet;Mefenamic acid 500 mg;hipersensitvitas, luka lambung, gangguan hati, ginjal, hamil, menyusui;Ifars;BPOM: DKL9509204604A1;Obat Wajib Apotek, Obat ini dapat dibeli dan diserahkan apoteker tanpa resep dengan maksimum 2 Strip. Pembelian melebihi batas ini WAJIB RESEP DOKTER. - Kategori Kehamilan : C;FARGETIX 500 MG merupakan obat yang di gunakan untuk mengobati nyeri ringan sampai sedang, seperti nyeri sakit gigi dan setelah cabut gigi, sakit kepala, nyeri otot, nyeri sendi, nyeri setelah operasi, termasuk nyeri haid Fargetix mengandung asam mefenamat yang bekerja dengan cara menghambat kerja siklooksigenase enzim ini berfungsi untuk membantu pembentukan prostaglandin saat terjadinya luka dan menyebabkan rasa sakit dan peradangan Dengan mengalami kerja enzim COX, prostaglandin lebih sedikit di produksi yang berarti rasa sakit dan peradanngan akan mereda,,,,,,,,,,,,,,,,,,,,,,,,,,,,,,,,,,,,,,,,,,,,,,,,,
Farsifen 200 mg 10 Tablet,Rp5.200 - Rp6.200,Dikonsumsi bersamaan dengan makanan,PENGGUNAAN OBAT INI HARUS SESUAI DENGAN PETUNJUK DOKTER. Dewasa inflamasi & analgesik: 3-4 kali sehari 400mg. analgesik: 3-4 kali sehari 200-400mg,,,,,,,,,,, 10 Amplop @ 1 Strip @ 10 Kaplet Salut Selaput;Ibuprofen 200 mg;Alergi, operasi by pass jantung. asma, demam berdarah;Ifars;BPOM: DTL9509204409A1;HARUS DENGAN RESEP DOKTER. - Di berikan bersamaan makanan - Tidak boleh di gunakan pada orang yang memiliki fungsi hati dan ginjal buruk - Penderita hipertensi - Pada pasien lanjut usia Kategori Kehamilan : D;FARSIFEN 200 MG 10 TABLET adalah obat yang digunakan untuk meredakan demam, sakit kepala, sakit gigi, sakit pada telinga, nyeri haid, dan nyeri ringan lainnya,,,,,,,,,,,,,,,,,,,,,,,,,,,,,,,,,,,,,,,,,,,,,,,,,,,,,,,,
Fenamin 500 mg 10 Kaplet,Rp5.000 - Rp8.600,diberikan sesudah makan,PENGGUNAAN OBAT INI HARUS SESUAI DENGAN PETUNJUK DOKTER. Dewasa dosis Awal 500 mg,,,,,,,,,,, nyeri reumatik, nyeri otot, dan nyeri paska operasi;Dus, 10 Strip @ 10 kaplet salut Selaput;Asam Mefenamat 500 mg;Tukak GI, atau penyakit inflamasi pada saluran cerna atau bawah. Gagal hati atau ginjal, bronkospasme, rinitis alergi & urtikaria.;Zenith Pharma;BPOM: DKL8627903309A1;Obat Wajib Apotek, Obat ini dapat dibeli dan diserahkan apoteker tanpa resep dengan maksimum 2 Strip. Pembelian melebihi batas ini WAJIB RESEP DOKTER. Pasien dengan gangguan atau faktor resiko kardiovaskular, riwayat peptic ulser atau perdarahan GI, gangguan hati dan ginjal, ibu hamil dan menyusui. Kategori Kehamilan: C;FENAMIN 500 MG merupakan obat dengan kandungan Asam Mefenamat 500 mg yang berfungsi sebagai anti nyeri pada tingkat ringan hingga sedang Obat ini sering digunakan untuk meredakan sakit kepala, sakit gigi, nyeri haid, nyeri pada otot dan sendi, serta nyeri paska operasi,,,,,,,,,,,,,,,,,,,,,,,,,,,,,,,,,,,,,,,,,,,,,,,,,
Iremax 200 mg 10 Tablet,Rp15.000 - Rp16.900,Dikonsumsi sesudah makan,1 tablet 3-4 kali sehari bila diperlukan,Mual,,,,,,,,,, hipertensi dan keadaan lain yang berhubungan dengan retensi cairan dan gangguan koagulasi intrinsik, Tidak dianjurkan untuk digunakan pada anak-anak usia kurang dari 12 tahun karena dikhawatirkan terjadi gangguan hati, Hati-hati terhadap penderita bronkospasme,alergi rhinitis dan urtikaria akibat asetosal atau AINS lainnya karena kemungkinan terjadi sensitivitas silang, Hati-hati bila digunakan pada penderita dengan riwayat penyakit saluran cerna bagian atas dan jantung, hipertensi dan keadaan lain yang berhubungan dengan retensi cairan dan gangguan koagulasi intrinsik, Tidak dianjurkan untuk digunakan pada anak-anak usia kurang dari 12 tahun karena dikhawatirkan terjadi gangguan hati;IREMAX 200 MG 10 TABLET mengandung kombinasi obat berupa Paracetamol dan Ibuprofen Obat ini digunakan untuk menurunkan demam, meredakan sakit kepala, sakit gigi, nyeri telinga, dapat pula meredakan nyeri sedang seperti migrain, nyeri haid, nyeri karna batu ginjal, nyeri pasca operasi, nyeri otot dan sendi termasuk nyeri akibat penyakit asam urat dan rheumatik,,,,,,,,,,,,,,,,,,,,,,,,,,,,,,,,,,,,,,,,,,,,,,,,,
Mefinter 500 mg 4 Tablet,Rp11.300 - Rp13.200,diberikan sesudah makan,PENGGUNAAN OBAT INI HARUS SESUAI DENGAN PETUNJUK DOKTER. Dewasa dan anak >14 tahun : 3 x sehari 500 mg. Lansia : Mulailah dengan dosis yang lebih rendah dan durasi sesingkat mungkin.,Pemakaian obat umumnya memiliki efek samping tertentu dan sesuai dengan masing-masing individu. Jika terjadi efek samping yang berlebih dan berbahaya,,,,,,,,,, dispepsia, mulas, gastritis. Gangguan hepatobilier: Hepatitis, penyakit kuning. Pemeriksaan penunjang: Peningkatan enzim hati. Gangguan sistem saraf: Meningitis aseptik, sakit kepala. Gangguan kejiwaan: Gugup, insomnia, kebingungan, depresi. Gangguan ginjal dan kemih: Disuria, sistitis. Gangguan sistem reproduksi dan payudara: Hematuria. Gangguan pernapasan, toraks dan mediastinum: Asma. Gangguan kulit dan jaringan subkutan: Pruritus, urtikaria, ruam, eritema multiforme. Gangguan pembuluh darah: Hipertensi. Berpotensi Fatal: Kejadian trombotik CV termasuk MI dan stroke, peradangan gastrointestinal, perdarahan, ulserasi, perforasi. Jarang, dermatitis eksfoliatif, nekrolisis epidermal toksik, sindrom Stevens-Johnson, hepatitis fulminan, nekrosis hati, gagal hati.;Obat Keras (Merah);INFORMASI OBAT INI HANYA UNTUK KALANGAN MEDIS. Meredakan nyeri ringan hingga sedang pada sakit kepala, sakit gigi, nyeri haid primer, termasuk nyeri karena trauma, nyeri otot, dan nyeri paska operasi;Dus, 25 Strip @ 4 Kapsul;Asam Mefenamat 500 mg;Hipersensitivitas. Pasien dengan aktif atau riwayat tukak/perdarahan peptikum berulang, riwayat perdarahan gastrointestinal atau perforasi (terkait dengan terapi NSAID sebelumnya), penyakit radang usus, gagal jantung berat, riwayat asma, bronkospasme, rinitis, angioedema, urtikaria, atau tipe alergi reaksi setelah minum aspirin atau NSAID lainnya. Pengobatan nyeri peri-operatif dalam pengaturan operasi CABG. Ginjal (CrCl <30 mL/menit) dan gangguan hati berat. Kehamilan (trimester ketiga).;Interbat;BPOM: DKL8517602009A1;Obat Wajib Apotek, Obat ini dapat dibeli dan diserahkan apoteker tanpa resep dengan maksimum 2 Strip. Pembelian melebihi batas ini WAJIB RESEP DOKTER. Hati-hati penggunaan pada pasien dengan faktor risiko kejadian KV (misalnya hipertensi, hiperlipidemia, diabetes mellitus, merokok), gagal jantung ringan hingga sedang, hipovolemia, dehidrasi, Pasien yang lemah, gangguan ginjal dan hati, lansia, Ibu hamil (trimester 1-2) dan menyusui. Kategori kehamilan : Kategori C: Mungkin berisiko. Obat digunakan dengan hati-hati apabila besarnya manfaat yang diperoleh melebihi besarnya risiko terhadap janin. Penelitian pada hewan uji menunjukkan risiko terhadap janin dan belum terdapat penelitian langsung terhadap wanita hamil.;MEFINTER mengandung Asam mefenamat yang merupakan golongan NSAID Asam mefenamat secara reversibel menghambat siklooksigenase-1 dan -2 (COX-1 dan -2), sehingga mengakibatkan penurunan laju sintesis prostaglandin dan menunjukkan sifat analgesik, anti-inflamasi serta antipiretik Obat dengan kandungan Asam Mefenamat diindikasikan untuk nyeri ringan sampai sedang seperti sakit kepala, sakit gigi, dismenore primer, termasuk nyeri karena trauma, nyeri otot, dan nyeri pasca operasi,,,,,,,,
Mixalgin 10 Tablet,Rp7.000 - Rp12.100,Sesudah makan,PENGGUNAAN OBAT INI HARUS SESUAI DENGAN PETUNJUK DOKTER. Anak : 1 kali sehari 1 tablet. Dewasa : 1 kali sehari 1-2 tablet,Gangguan fungsi hati,,,,,,,,,, anak kurang dari 14 tahun Wanita hamil dan menyusui, penderita tukak lambung, tekanan darah rendah,;Erela;BPOM: DKL8506302509A1;HARUS DENGAN RESEP DOKTER. Hindari penggunaan jangka panjang, mengingat risiko agranulositosis yang bisa berakibat fatal. Harap berhati-hati penggunaan pada orang dengan gangguan pembentukan darah/kelainan darah, gangguan fungsi hati atau ginjal. Dalam hal ini perlu dilakukan pemantauan fungsi hati dan darah. Hati-hati menggunakan Mixalgin pada orang dengan asma bronkial, terutama yang disertai rhinosinusitis;MIXALGIN di gunakan untuk meredakan sakit derajat sedang hingga berat, sperti rematik, nyeri sendi, sakit gigi, sakit kepala, nyeri haid, sakit punggung, nyeri kolik, pasca operasi Metampiron adalah obat antiinflamasi nonsteroid (OAINS), bekerja dengan cara menghalangi sintesis prostaglandin dengan cara menghambat pembentukan enzim cyclooxygenase Vitamin B kompleks Adapun kandungan Vitamin B1, B6, dan B12 berkhasiat baik terhadap kesehatan saraf, memperbaiki sel-sel saraf yang rusak yang mencetuskan nyeri, bahan baku pembentukan sel darah merah, dan mengoptimalkan pemanfaatan energi oleh tubuh Kafein Mixalgin juga mengandung Trimethylxanthine yang dikenal luas sebagai kafein yang bertindak sebagai zat stimulan,,,,,,,,,,,,,,,,,,,,,,,,,,,,,,,,,,,,,,,,,,,
Norages Sirup 250 mg/5 ml 60 ml,Rp34.300 - Rp45.600,Sesudah makan,PENGGUNAAN OBAT INI HARUS SESUAI DENGAN PETUNJUK DOKTER. 2 sendok takar (10 ml) setiap 6 - 8 jam.,Diskrasia darah,,,,,,,,,, sakit gigi, nyeri karena kanker, nyeri setelah trauma/pasca operasi, nyeri otot, nyeri kolik.;Dus, Botol @ 60 ml;Tiap sendok takar (5 ml) sirup mengandung: Metamizole Sodium 250 mg;Hipersensitif terhadap analgesik & anti reumatik. Tekanan darah sistolik <100 mmHg. Hamil & laktasi.;Meprofarm;BPOM: DKL0815620637A1;Obat Wajib Apotek, Obat ini dapat dibeli dan diserahkan apoteker tanpa resep dengan maksimum 1 Botol. Pembelian melebihi batas ini WAJIB RESEP DOKTER. Penderita dengan kelainan pembentukan darah. Penderita dengan gangguan asma bronkhial atau penderita dengan infeksi saluran pernafasan kronis, Tidak untuk mengobati sakit otot pada gejala-gejala flu, lumbago, sakit punggung, bursitis dan sindroma bahu lengan. Hati-hati pada penderita dengan gangguan fungsi hati atau ginjal. Kategori Kehamilan : D;NORAGES SIRUP merupakan obat yang di gunakan untuk meredakan sakit derajat sedang hingga berat, seperti sakit gigi, sakit kepala, nyeri haid, sakit punggung, nyeri kolik, pasca operasi, dan lain-lain Norages mengandung Metamizole, yang bekerja dengan cara menghalangi sintesis pirogen endogen sehingga metamizole memiliki efek analgetik dan juga antiperadangan,,,,,,,,,,,,,,,,,,,,,,,,,,,,,,,,,,,,,,,,,,,,,
Paramex Nyeri Otot 4 Tablet,Rp1.800 - Rp2.500,Diminum sesudah makan,1 tablet,,,,,,,,,,, sakit gigi, sakit pada telinga, migrain, nyeri haid, nyeri akibat batu ginjal, nyeri pasca operasi, nyeri otot dan sendi termasuk nyeri akibat penyakit asam urat dan rematik,,,,,,,,,,,,,,,,,,,,,,,,,,,,,,,,,,,,,,,,,,,,,,,,,,,,,,,,,
Poldan Mig 4 Kaplet,Rp3.900 - Rp5.300,Sesudah makan,3-4 kali sehari 1-2 kaplet. Maksimal : 8 kaplet/24 jam. Tidak untuk anak <12 thn,Dosis besar dapat menyebabkan kerusakan hati,Obat Bebas (Hijau),Meringankan sakit kepala derajat sedang dan migren,Dus,,,,,,, dan Caffeine Obat ini digunakan untuk meredakan demam, sakit kepala karena migrain, sakit gigi, sakit telinga, nyeri haid, dan nyeri ringan lainnya Paracetamol merupakan analgetik dan antipiretik, Acetosal merupakan golongan obat Anti Inflamasi Non Steroid (AINS), dan Caffeine merupakan stimulan sistem saraf pusat untuk mencegah kantuk,,,,,,,,,,,,,,,,,,,,,,,,,,,,,,,,,,,,,,,,,,,,,,,,,,,,,,,,
Pyrexin 500 mg 10 Tablet,Rp4.100 - Rp4.200,Diminum saat atau tanpa makanan,Dewasa: 1-2 kaplet,,,,,,,,,,, atralgia, nyeri muskuloskeletal, reumatik.;1 Dos Isi 20 Strip X 10 Tablet;Paracetamol 500 mg;Hipersensitif;Meprofarm;BPOM: DBL7615612610A1;Bila rasa sakit tidak reda lebih dari 3 hari dan demam tidak turun selama 2 hari, atau ada kemerahan dikulit segera hubungi dokter. hati-hati pemberian pada penderita penyakit ginjal.;PYREXIN 500 MG 10 TABLET mengandung zat aktif Paracetamol Obat ini digunakan untuk mengatasi demam dan sebagai perda nyeri seperti sakit kepala, sakit gigi dan nyeri ringan lainnya,,,,,,,,,,,,,,,,,,,,,,,,,,,,,,,,,,,,,,,,,,,,,,,,,,,,,,,,,,,
Alaxan FR 10 Kapsul,Rp7.400 - Rp7.500,Sebaiknya dikonsumsi setelah makan.,Dewasa : 3-4 kali sehari 1 kapsul,Mual,,,,,,,,,, nyeri haid (dysmenorrhea primer), sakit kepala dan menurunkan demam.;Dus, 10 Blister @ 10 Kapsul Fast Release;Paracetamol 325 mg, Ibuprofen 200 mg;Hipersensitif terhadap paracetamol, ibuprofen atau OAINS. Tukak peptik berat & aktif. Pasien yg mengalami gejala asma, rinitis atau urtikaria yg dipicu oleh penggunaan asetosal atau OAINS lain. Hamil trimester 3.;Medifarma;BPOM: DTL0714710101A1;Penderita dengan riwayat gangguan GI bagian atas (tukak peptik). Gangguan fungsi ginjal. Penyakit jantung, hipertensi, atau kondisi lainnya yg menyebabkan retensi cairan tubuh. Hamil dan laktasi dan penderita hipersensitif terhadap komponen obat ini.;ALAXAN FR 10 KAPSUL adalah Kapsul Fast Release (FR) yang bekerja cepat untuk meredakan nyeri otot di leher, pundak, punggung, sakit pinggang, paha dan kaki, serta nyeri haid dan sakit gigi,,,,,,,,,,,,,,,,,,,,,,,,,,,,,,,,,,,,,,,,,,,,,,,,,,,
Argesid 500 mg 10 Kaplet,Rp14.600 - Rp16.400,diberikan sesudah makan,PENGGUNAAN OBAT INI HARUS SESUAI DENGAN PETUNJUK DOKTER. Dewasa dosis Awal 500 mg,,,,,,,,,,, nyeri haid primer, nyeri reumatik, nyeri otot, dan nyeri paska operasi;Dus, 10 Strip @ 10 Kaplet Salut Selaput;Asam Mefenamat 500 mg;Hipersensitif, tukak lambung, radang usus, mual, muntah, diare, pusing, sakit kepala, vertigo, dispepsia, ruam makulo papular;;;;ARGESID merupakan obat dengan kandungan Asam Mefenamat yang berfungsi sebagai anti nyeri pada tingkat ringan hingga sedang Obat ini sering digunakan untuk meredakan sakit kepala, sakit gigi, nyeri haid, nyeri pada otot dan sendi, serta nyeri paska operasi dan melahirkan,,,,,,,,,,,,,,,,,,,,,,,,,,,,,,,,,,,,,,,,,,,,,
Bimastan 500 mg 10 Kaplet,Rp3.900 - Rp6.600,sesudah makan,PENGGUNAAN OBAT INI HARUS SESUAI DENGAN PETUNJUK DOKTER. Tiap 6 jam,,,,,,,,,,, Obat ini dapat dibeli dan diserahkan apoteker tanpa resep dengan maksimum 2 Strip. Pembelian melebihi batas ini WAJIB RESEP DOKTER. Kategori Kehamilan : C;BIMASTAN 500 MG merupakan obat dengan kandungan Asam Mefenamat yang berfungsi sebagai anti nyeri pada tingkat ringan hingga sedang Obat ini sering digunakan untuk meredakan nyeri pada otot dan sendi, nyeri haid, sakit kepala, sakit gigi, serta nyeri paska operasi,,,,,,,,,,,,,,,,,,,,,,,,,,,,,,,,,,,,,,,,,,,,,,,,,,,,,,,,,,,
Dicloflam 50 mg 10 Tablet,Rp6.000 - Rp6.300,Sesudah makan,PENGGUNAAN OBAT INI HARUS SESUAI DENGAN PETUNJUK DOKTER. Dewasa dan Anak diatas 14 tahun: 25 mg atau 50 mg,,,,,,,,,,, leukopenia, anemia, agranulositosis;Obat Keras (Merah);Pengobatan akut dan kronis gejala-gejala rheumatoid artritis, osteoartritis dan ankylosing spondilitis.;Dus, 5 Strip @ 10 Tablet Salut Enterik;Natrium Diklofenak 50 mg;Pasien dengan asma, urtikaria atau alergi terhadap asetosal atau AINS lain, tukak lambung;Molex Ayus Pharmaceutical;BPOM: DKL0530907015B1;HARUS DENGAN RESEP DOKTER. Memiliki riwayat penyakit atau faktor resiko gangguan kardiovaskular, hipertensi, retensi cairan, gagal jantung. Memiliki riwayat penyakit tukak lambung/usus, penyakit Crohn, gangguan fungsi hati, gangguan fungsi ginjal, asma, lansia, anak-anak, ibu hamil dan menyusui. Hipersensitif terhadap diklofenak. Kategori Kehamilan : C;DICLOFLAM 50 MG adalah obat yang digunakan sebagai pereda nyeri, mengurangi gangguan inflamasi (radang), dismenore, nyeri ringan sampai sedang pasca operasi khususnya ketika pasien juga mengalami peradangan Dicloflam juga digunakan sebagai pereda nyeri pada penderita arthritis, rheumatoid arthritis, osteoarthritis, sakit gigi, migrain akut, asam urat dan nyeri karena batu ginjal dan batu empedu,,,,,,,,,,,,,,,,,,,,,,,,,,,,,,,,,,,,,,,
Etafenin 500 mg 10 Kaplet,Rp3.700 - Rp6.400,sesudah makan,PENGGUNAAN OBAT INI HARUS SESUAI DENGAN PETUNJUK DOKTER. Tiap 6 jam 500 mg,Gangguan saluran cerna seperti iritasi lambung,,,,,,,,,, urtikaria;Errita;BPOM: DKL9906501404A1;Obat Wajib Apotek, Obat ini dapat dibeli dan diserahkan apoteker tanpa resep dengan maksimum 2 Strip. Pembelian melebihi batas ini WAJIB RESEP DOKTER. Kategori Kehamilan : C;ETAFENIN 500 MG merupakan obat dengan kandungan Asam Mefenamat yang berfungsi sebagai anti nyeri pada tingkat ringan hingga sedang Obat ini sering digunakan untuk meredakan nyeri pada otot dan sendi, nyeri haid, sakit kepala, sakit gigi, serta nyeri paska operasi,,,,,,,,,,,,,,,,,,,,,,,,,,,,,,,,,,,,,,,,,,,,,,,,,,,,,,,,,,
Exaflam 25 mg 10 Tablet,Rp16.300 - Rp25.700,Sesudah makan,PENGGUNAAN OBAT INI HARUS SESUAI DENGAN PETUNJUK DOKTER. Dewasa dan Anak diatas 14 tahun: 25 mg atau 50 mg,,,,,,,,,,, hipertensi, retensi cairan, gagal jantung. Memiliki riwayat penyakit tukak lambung/usus, penyakit Crohn, gangguan fungsi hati, gangguan fungsi ginjal, asma, lansia, anak-anak, ibu hamil dan menyusui. Hipersensitif terhadap diklofenak. Kategori Kehamilan : C;EXAFLAM TABLET adalah obat anti nyeri golongan OAINS (obat anti inflamasi non steroid) yang mengandung Kalium Diklofenak 25 mg Obat ini digunakan untuk mengobati nyeri ringan sampai sedang Obat ini hanya di gunakan jangka pendek untuk meringankan nyeri akibat radang sendi, pengapuran tulang, sakit gigi, kram menstruasi,,,,,,,,,,,,,,,,,,,,,,,,,,,,,,,,,,,,,,,,,,,,,,,,,,,
Exaflam 50 mg 10 Tablet,Rp33.400 - Rp41.600,Sesudah makan,PENGGUNAAN OBAT INI HARUS SESUAI DENGAN PETUNJUK DOKTER. Dewasa dan Anak diatas 14 tahun: 25 mg atau 50 mg,,,,,,,,,,, hati, tukak lambung;Cendo Pharmaceutical;BPOM: DKL9608005717B1;HARUS DENGAN RESEP DOKTER. Memiliki riwayat penyakit atau faktor resiko gangguan kardiovaskular, hipertensi, retensi cairan, gagal jantung. Memiliki riwayat penyakit tukak lambung/usus, penyakit Crohn, gangguan fungsi hati, gangguan fungsi ginjal, asma, lansia, anak-anak, ibu hamil dan menyusui. Hipersensitif terhadap diklofenak. Kategori Kehamilan : C;EXAFLAM 50 MG merupakan obat dengan kandungan Kalium Diklofenak yang berfungsi sebagai anti nyeri Obat ini sering digunakan untuk mengatasi sakit gigi, nyeri pada sendi, serta nyeri haid,,,,,,,,,,,,,,,,,,,,,,,,,,,,,,,,,,,,,,,,,,,,,,,,,,
Farmadol 500 mg 10 Tablet,Rp4.400 - Rp5.700,Obat dapat diminum sebelum atau sesudah makan,Dewasa: 1-2 kaplet,,,,,,,,,,, gangguan fungsi hati;FARMADOL 500 MG TABLET mengandung zat aktif Paracetamol Obat ini digunakan untuk mengatasi demam dan sebagai perda nyeri seperti sakit kepala, sakit gigi dan nyeri ringan lainnya pada bayi dan anak-anak,,,,,,,,,,,,,,,,,,,,,,,,,,,,,,,,,,,,,,,,,,,,,,,,,,,,,,,,,,,,,,
Fenaren 50 mg 10 Tablet,Rp3.000 - Rp14.000,Dikonsumsi bersamaan dengan makanan,PENGGUNAAN OBAT INI HARUS SESUAI DENGAN PETUNJUK DOKTER. Dewasa dan Anak diatas 14 tahun: 25 mg atau 50 mg,,,,,,,,,,, dan nekrolisis epidermal toksik;Obat Keras (Merah);mengurangi nyeri, gangguan inflamasi, dismenore (nyeri haid), nyeri ringan sampai sedang pasca operasi khususnya ketika pasien juga mengalami peradangan, dapat juga di gunakan untuk mengurangi rasa sakit pada penderita arthritis, rheumatoid arthritis, osteoarthritis, untuk sakit gigi, migrain akut, asam urat dan nyeri karena batu ginjal dan batu empedu;Dus, 10 Strip @ 10 Tablet Salut Enterik;Natrium Diklofenak 50 mg;riwayat alergi, hamil di trisemester ke tiga;Zenith Pharma;BPOM: DKL9002314615B1;HARUS DENGAN RESEP DOKTER. - sebaiknya di minum sesudah makan - jangan di gunakan untuk pasien yang memiliki riwayat maag - memiliki fungsi hati dan ginjal yang buruk - gagal ginjal Kategori Kehamilan : C;FENAREN 50 MG 10 TABLET adalah obat yang digunakan sebagai pereda nyeri, mengurangi gangguan inflamasi (radang), dismenore, nyeri ringan sampai sedang pasca operasi khususnya ketika pasien juga mengalami peradangan,,,,,,,,,,,,,,,,,,,,,,,,,,,,,,,,,,,,,,,,,,,,,,,,,
Fendex 25 mg 10 Tablet,Rp76.800 - Rp85.400,Sebaiknya diberikan pada saat perut kosong: Berikan 30 mnt sblm makan,,,,,,,,,,,, nyeri pasca operasi, dismenore, dan sakit gigi,,,,,,,,,,,,,,,,,,,,,,,,,,,,,,,,,,,,,,,,,,,,,,,,,,,,,,,,,,,,,
Grafix Kapsul 500mg,Rp1.000 - Rp2.600,Tablet diminum pada saat makan atau sesudah makan.,PENGGUNAAN OBAT INI HARUS SESUAI DENGAN PETUNJUK DOKTER. Dewasa dan anak diatas 12 tahun: 1 kaplet,,,,,,,,,,, urtikaria atau radang/tukak lambung atau usus, pasien yang sedang hamil;Gracia Pharmindo;BPOM: DKL0435300509A1;Obat Wajib Apotek, Obat ini dapat dibeli dan diserahkan apoteker tanpa resep dengan maksimum 20 Tablet. Pembelian melebihi batas ini WAJIB RESEP DOKTER. Pasien dengan gangguan atau faktor resiko kardiovaskular, riwayat peptic ulser atau perdarahan GI, gangguan hati dan ginjal, ibu hamil dan menyusui.;GRAFIX KAPSUL 500 MG mengandung zat aktif Mefenamic Acid (Asam mefenamat) Asam mefenamat adalah derivat asam antranilat (atau fenamate) yang termasuk NSAID GRAFIX KAPSUL 500 MG berfungsi untuk mengobati nyeri ringan sampai sedang pada sakit gigi dan setelah cabut gigi, sakit kepala, sakit telinga, nyeri otot, nyeri sendi, demam, nyeri pasca operasi, nyeri haid dan kadang-kadang digunakan untuk mencegah migrain,,,,,,,,,,,,,,,,,,,,,,,,,,,,,,,,,,,,,,,,,,,,,,,,,,,
Itamol Forte 650 mg 10 Kaplet,Rp9.800,Sebelum atau sesudah makan,Anak-anak 6-12 tahun: 3 - 4 kali sehari,,,,,,,,,,, sakit gigi dan nyeri haid Parasetamol bekerja dengan menghambat cyclooxygenase,,,,,,,,,,,,,,,,,,,,,,,,,,,,,,,,,,,,,,,,,,,,,,,,,,,,,,,,,,,,,,,
Mefentan 500 mg 10 Tablet,Rp4.600,Tablet diminum pada saat makan atau sesudah makan.,PENGGUNAAN OBAT INI HARUS SESUAI DENGAN PETUNJUK DOKTER. Dewasa dan anak diatas 12 tahun: 1 kaplet,,,,,,,,,,, riwayat peptic ulser atau perdarahan GI, gangguan hati dan ginjal, ibu hamil dan menyusui.;MEFENTAN 500 MG merupakan obat dengan kandungan Asam Mefenamat yang berfungsi sebagai anti nyeri pada tingkat ringan hingga sedang Obat ini sering digunakan untuk meredakan nyeri pada otot dan sendi, nyeri haid, sakit kepala, sakit gigi, serta nyeri paska operasi,,,,,,,,,,,,,,,,,,,,,,,,,,,,,,,,,,,,,,,,,,,,,,,,,,,,,,,,,
Ponstelax 500 mg 10 Tablet,Rp6.500 - Rp10.900,diberikan sesudah makan,PENGGUNAAN OBAT INI HARUS SESUAI DENGAN PETUNJUK DOKTER. Dewasa dosis Awal 500 mg,,,,,,,,,,, nyeri reumatik, nyeri otot, dan nyeri paska operasi;Dus, 10 Strip @ 10 Tablet;Asam Mefenamat 500 mg;tukak peptik, gangguan hati, ginjal;Combiphar;BPOM: DKL8304104909A1;Obat Wajib Apotek, Obat ini dapat dibeli dan diserahkan apoteker tanpa resep dengan maksimum 2 Strip. Pembelian melebihi batas ini WAJIB RESEP DOKTER. Pasien dengan gangguan atau faktor resiko kardiovaskular, riwayat peptic ulser atau perdarahan GI, gangguan hati dan ginjal, ibu hamil dan menyusui. Kategori Kehamilan : C, D pada kehamilan trisemester 3 waktu saat akan persalinan;PONSTELAX merupakan obat dengan kandungan Asam Mefenamat yang berfungsi sebagai anti nyeri pada tingkat ringan hingga sedang Obat ini sering digunakan untuk meredakan sakit kepala, sakit gigi, nyeri haid, nyeri pada otot dan sendi, serta nyeri paska operasi,,,,,,,,,,,,,,,,,,,,,,,,,,,,,,,,,,,,,,,,,,,,,,,,,
Trifastan 500 mg 10 Tablet,Rp3.800 - Rp6.800,Diberikan sesudah makan atau bersama dengan makan,PENGGUNAAN OBAT INI HARUS SESUAI DENGAN PETUNJUK DOKTER. Dosis dewasa dan anak usia lebih dari 14 tahun : Dosis awal 500 mg,,,,,,,,,,, gangguan hati dan ginjal, ibu hamil dan menyusui. Kategori Kehamilan : C studi pada binatang percobaan telah memperlihatkan adanya efek samping obat pada janin dan tidak ada studi terkontrol pada wanita atau belum ada studi pada wanita dan binatang percobaan.;Trifastan merupakan obat anti nyeri yang mengandung Asam Mefenamat 500 mg ASAM MEFENAMAT atau MEFENAMIC ACID merupakan obat yang termasuk dalam golongan anti infalamasi non steroid sebagai anti nyeri pada tingkat ringan hingga sedang Obat ini dapat digunakan untuk meredakan sakit kepala, sakit gigi, nyeri haid, nyeri akibat trauma, nyeri pada otot dan nyeri sesudah operasi Asam mefenamat bekerja dengan cara menghambat sintesa prostaglandin dalam jaringan tubuh dengan menghambat enzim siklooksigenase,,,,,,,,,,,,,,,,,,,,,,,,,,,,,,,,,,,,,,,,,,,,,,,,,,,,,,,,,,
Sanmol Sirup 60 ml,Rp14.300 - Rp23.700,Dikonsumsi sebelum atau sesudah makan.,Anak (9-12 tahun) : 15-20 ml,,,,,,,,,,, sakit gigi dan menurunkan demam Sanmol bekerja pada pusat pengatur suhu di hipotalamus untuk menurunkan suhu tubuh (antipiretik) serta menghambat sintesis prostaglandin sehingga dapat mengurangi nyeri ringan sampai sedang (analgetik),,,,,,,,,,,,,,,,,,,,,,,,,,,,,,,,,,,,,,,,,,,,,,,,,,,,,,,,,,,,,,,
Tempra Forte Sirup Rasa Anggur 60 ml,Rp51.600 - Rp66.700,Dikonsumsi sebelum atau sesudah makan.,Anak di atas 12 tahun : 2-2.5 sendok takar (10 ml - 12.5 ml),,,,,,,,,,, rasa sakit dan nyeri ringan, sakit kepala dan sakit gigi, demam setelah imunisasi,,,,,,,,,,,,,,,,,,,,,,,,,,,,,,,,,,,,,,,,,,,,,,,,,,,,,,,,,,,,,
Bye Bye Fever Anak 10 Lembar,Rp102.000 - Rp104.000,Lepaskan lapisan transparan dan tempelkan permukaan yang melekat pada daerah yang kering dan bersih. Untuk meningkatkan efek dingin,,,,,,,,,,,, sakit kepala, sakit gigi san panas pada anak Plester ini memberikan efek dingin bekerja sampai 10 jam,,,,,,,,,,,,,,,,,,,,,,,,,,,,,,,,,,,,,,,,,,,,,,,,,,,,,,,,,,,,,,
Panadol Anak-Anak 120 mg 10 Tablet Kunyah,Rp0 - Rp17.000,Dikonsumsi sebelum atau sesudah makan. Dapat langsung dikunyah atau dicampur dengan air/ sari buah.,Anak 2-5 tahun : 3-4 x sehari 1-2 tablet. Anak 6-12 tahun : 3-4 x sehari 2-4 tablet Maksimum interval penggunaan dosis adalah 4 jam dan tidak melebihi 4 kali dalam 24 jam. Jangan melebihi dosis yang dianjurkan atau sesuai anjuran dokter.,Pemakaian obat umumnya memiliki efek samping tertentu dan sesuai dengan masing-masing individu. Jika terjadi efek samping yang berlebih dan berbahaya,,,,,,,,,, namun belum ada bukti penelitian langsung terhadap wanita hamil.;PANADOL ANAK CHEWABLE merupakan obat dengan kandungan Paracetamol Paracetamol bekerja sebagai antipiretik pada pusat pengaturan suhu di otak dan analgetika dengan meningkatkan ambang rasa sakit Obat ini digunakan untuk meredakan rasa sakit seperti sakit kepala, sakit gigi dan menurunkan demam yang menyertai flu dan demam sesudah imunisasi atau vaksinasi,,,,,,,,,,,,,,,,,,,,,,,,,,,,,,,,,,,,,,,,,,,,,,,,,,,,,,,,,,,,,,
Tempra Sirup Rasa Anggur 30 ml,Rp27.600 - Rp28.800,Dikonsumsi sebelum atau sesudah makan.,Anak 6 - 8 tahun : 2 sendok takar (10 ml). Diberikan tiap 4 jam,,,,,,,,,,, rasa sakit dan nyeri ringan, sakit kepala dan sakit gigi, demam setelah imunisasi,,,,,,,,,,,,,,,,,,,,,,,,,,,,,,,,,,,,,,,,,,,,,,,,,,,,,,,,,,,,,
Panadol Anak-Anak 1-6 Sirup 30 ml,Rp29.000 - Rp31.000,Dikonsumsi sebelum atau sesudah makan. Dapat langsung diminum atau dicampur dengan air/ sari buah.,Anak usia 1-2 tahun: 3.75 ml,,,,,,,,,,, sakit gigi dan menurunkan demam yang menyertai flu dan demam sesudah imunisasi atau vaksinasi.;Dus, Botol @ 30 ml;Tiap 5 ml mengandung : Paracetamol 160 mg;Penderita yang hipersensitif terhadap paracetamol dan bahan lain dalam obat ini. Penderita dengan gangguan fungsi hati.;Sterling;BPOM: DBL7624501537A1;Hati-hati penggunaan obat ini pada penderita penyakit ginjal. Bila setelah 2 hari demam tidak menurun atau setelah 5 hari nyeri tidak menghilang, segera hubungi Unit Pelayanan Kesehatan. Penggunaan obat ini pada penderita yang mengkonsumsi alkohol, dapat meningkatkan risiko kerusakan fungsi hati. Kategori kehamilan : Kategori B: Mungkin dapat digunakan oleh wanita hamil. Penelitian pada hewan uji tidak memperlihatkan ada nya risiko terhadap janin, namun belum ada bukti penelitian langsung terhadap wanita hamil.;PANADOL ANAK 1-6 TAHUN SIRUP merupakan obat dengan kandungan Paracetamol Paracetamol bekerja sebagai antipiretik pada pusat pengaturan suhu di otak dan analgetika dengan meningkatkan ambang rasa sakit Obat ini digunakan untuk meredakan rasa sakit seperti sakit kepala, sakit gigi dan menurunkan demam yang menyertai flu dan demam sesudah imunisasi atau vaksinasi,,,,,,,,,,,,,,,,,,,,,,,,,,,,,,,,,,,,,,,,,,,,,,,,,,,,,,,,,,
Panadol Anak-Anak 1-6 Sirup 60 ml,Rp52.300 - Rp59.300,Dikonsumsi sebelum atau sesudah makan. Dapat langsung diminum atau dicampur dengan air/ sari buah.,Anak usia 1-2 tahun: 3.75 ml,,,,,,,,,,, sakit gigi dan menurunkan demam yang menyertai flu dan demam sesudah imunisasi atau vaksinasi.;Dus, Botol @ 60 ml;Per-5 mL : Paracetamol 160 mg;Penderita yang hipersensitif terhadap paracetamol dan bahan lain dalam obat ini. Penderita dengan gangguan fungsi hati.;Sterling;BPOM: DBL7624501537A1;Hati-hati penggunaan obat ini pada penderita penyakit ginjal. Bila setelah 2 hari demam tidak menurun atau setelah 5 hari nyeri tidak menghilang, segera hubungi Unit Pelayanan Kesehatan. Penggunaan obat ini pada penderita yang mengkonsumsi alkohol, dapat meningkatkan risiko kerusakan fungsi hati. Kategori kehamilan : Kategori B: Mungkin dapat digunakan oleh wanita hamil. Penelitian pada hewan uji tidak memperlihatkan ada nya risiko terhadap janin, namun belum ada bukti penelitian langsung terhadap wanita hamil.;PANADOL ANAK 1-6 TAHUN SIRUP merupakan obat dengan kandungan Paracetamol Paracetamol bekerja sebagai antipiretik pada pusat pengaturan suhu di otak dan analgetika dengan meningkatkan ambang rasa sakit Obat ini digunakan untuk meredakan rasa sakit seperti sakit kepala, sakit gigi dan menurunkan demam yang menyertai flu dan demam sesudah imunisasi atau vaksinasi,,,,,,,,,,,,,,,,,,,,,,,,,,,,,,,,,,,,,,,,,,,,,,,,,,,,,,,,,,
Norages Sirup 250 mg/5 ml 60 ml,Rp34.300 - Rp45.600,Sesudah makan,PENGGUNAAN OBAT INI HARUS SESUAI DENGAN PETUNJUK DOKTER. 2 sendok takar (10 ml) setiap 6 - 8 jam.,Diskrasia darah,,,,,,,,,, sakit gigi, nyeri karena kanker, nyeri setelah trauma/pasca operasi, nyeri otot, nyeri kolik.;Dus, Botol @ 60 ml;Tiap sendok takar (5 ml) sirup mengandung: Metamizole Sodium 250 mg;Hipersensitif terhadap analgesik & anti reumatik. Tekanan darah sistolik <100 mmHg. Hamil & laktasi.;Meprofarm;BPOM: DKL0815620637A1;Obat Wajib Apotek, Obat ini dapat dibeli dan diserahkan apoteker tanpa resep dengan maksimum 1 Botol. Pembelian melebihi batas ini WAJIB RESEP DOKTER. Penderita dengan kelainan pembentukan darah. Penderita dengan gangguan asma bronkhial atau penderita dengan infeksi saluran pernafasan kronis, Tidak untuk mengobati sakit otot pada gejala-gejala flu, lumbago, sakit punggung, bursitis dan sindroma bahu lengan. Hati-hati pada penderita dengan gangguan fungsi hati atau ginjal. Kategori Kehamilan : D;NORAGES SIRUP merupakan obat yang di gunakan untuk meredakan sakit derajat sedang hingga berat, seperti sakit gigi, sakit kepala, nyeri haid, sakit punggung, nyeri kolik, pasca operasi, dan lain-lain Norages mengandung Metamizole, yang bekerja dengan cara menghalangi sintesis pirogen endogen sehingga metamizole memiliki efek analgetik dan juga antiperadangan,,,,,,,,,,,,,,,,,,,,,,,,,,,,,,,,,,,,,,,,,,,,,
Prosic Sirup 60 ml,Rp24.600 - Rp30.000,Diminum setelah makan atau bersamaan dengan makanan,Dewasa : 3-4 kali sehari 10 ml ,,,,,,,,,,, bila sakit berlanjut hubungi dokter.;PROSIC SIRUP 60 ML merupakan obat yang mengandung Ibuprofen Obat ini digunakan untuk mengatasi demam, sakit kepala, sakit gigi, nyeri pada telinga, nyeri haid dan nyeri ringan lainnya,,,,,,,,,,,,,,,,,,,,,,,,,,,,,,,,,,,,,,,,,,,,,,,,,,,,,,,,,,,
Tempra Forte Sirup Rasa Bubblegum 60 ml,Rp56.800 - Rp60.500,Dikonsumsi sebelum atau sesudah makan.,Anak di atas 12 tahun : 2-2.5 sendok takar (10 ml - 12.5 ml),,,,,,,,,,, rasa sakit dan nyeri ringan, sakit kepala dan sakit gigi, demam setelah imunisasi,,,,,,,,,,,,,,,,,,,,,,,,,,,,,,,,,,,,,,,,,,,,,,,,,,,,,,,,,,,,,
Erlamol Sirup 60 ml,Rp8.000 - Rp28.200,Sesudah makan,Anak (9-12 tahun) : 15-20 ml,,,,,,,,,,, namun belum ada bukti penelitian langsung terhadap wanita hamil.;ERLAMOL SIRUP mengandung zat aktif Paracetamol Obat ini digunakan untuk mengatasi demam dan sebagai perda nyeri seperti sakit kepala, sakit gigi dan nyeri ringan lainnya,,,,,,,,,,,,,,,,,,,,,,,,,,,,,,,,,,,,,,,,,,,,,,,,,,,,,,,,,,,,,,
Salonpas Koyo 10 Patch,Rp7.200 - Rp8.600,Bersihkan dan keringkan bagian yang sakit,,,,,,,,,,,, pada orang yang alergi terhadap aspirin atau salisilat. Hindari kontak dengan mata, selaput lendir, atau ruam. Tidak dianjurkan pada anak di bawah 12 tahun kecuali atas anjuran dokter.;SALONPAS KOYO merupakan plester pereda rasa nyeri dengan kandungan Metil salisilat, Mentol dan Camphor Berguna untuk meredakan nyeri otot, kelelahan leher, sakit punggung sederhana, sakit kepala, sakit gigi, memar, tegang, dan nyeri sendi,,,,,,,,,,,,,,,,,,,,,,,,,,,,,,,,,,,,,,,,,,,,,,,,,,,,,
Minyak Tawon DD 30 ml,Rp35.000 - Rp40.900,Oleskan pada bagian yang luka/sakit,,,,,,,,,,,, zingiberis rhizoma, curcumae rhizoma, allium sativum;hipersensitif;Tawon Jaya Makassar;BPOM: QD183616551;Simpan ditempat yang kering, sejuk dan terhindar dari sinar matahari langsung. Simpan pada suhu dibawah 30 C.;MINYAK TAWON DD merupakan minyak gosok atau minyak urut yang dapat digunakan untuk membantu meredakan nyeri sendi, sakit gigi, bisul, sakit kepala, kudis, panu, gatal-gatal akibat digigit serangga, muntah, sakit perut dan batuk,,,,,,,,,,,,,,,,,,,,,,,,,,,,,,,,,,,,,,,,,,,,,,,,,,,,
Minyak Tawon CC 20 ml,Rp22.000 - Rp27.600,Oleskan pada bagian yang luka atau sakit,,,,,,,,,,,, zingiberis rhizoma, curcumae rhizoma, allium sativum;Hipersensitif;Tawon Jaya Makassar;BPOM: QD183616551;Simpan di tempat yang kering, sejuk dan terhindar dari sinar matahari langsung. Simpan pada suhu dibawah 30 C.;MINYAK TAWON CC merupakan minyak gosok atau minyak urut yang dapat digunakan untuk membantu meredakan nyeri sendi, sakit gigi, bisul, sakit kepala, kudis, panu, gatal-gatal akibat digigit serangga, muntah, sakit perut dan batuk,,,,,,,,,,,,,,,,,,,,,,,,,,,,,,,,,,,,,,,,,,,,,,,,,,,,
Minyak Tawon EE 60 ml,Rp44.600 - Rp60.800,Oleskan pada bagian yang luka/sakit,,,,,,,,,,,, curcumae rhizoma 2 g, allium sativum 1,5 g;Hipersensitivitas.;Tawon Jaya Makassar;BPOM: QD183616551;Hanya untuk pemakaian luar. Jauhkan dari jangkauan anak-anak.;MINYAK TAWON EE merupakan minyak gosok atau minyak urut yang dapat digunakan untuk membantu meredakan nyeri sendi, gatal akibat serangga, sakit perut, batuk, muntah, sakit gigi, bisul, dan sakit kepala,,,,,,,,,,,,,,,,,,,,,,,,,,,,,,,,,,,,,,,,,,,,,,,,,,,,,,
Minyak Tawon FF 90 ml,Rp65.000 - Rp81.300,Oleskan pada bagian yang luka/sakit,,,,,,,,,,,, curcumae rhizoma 2 g, allium sativum 1,5 g;;Tawon Jaya Makassar;BPOM: QD183616551;Hanya untuk pemakaian luar. Jauhkan dari jangkauan anak-anak.;MINYAK TAWON FF merupakan minyak gosok atau minyak urut yang dapat digunakan untuk membantu meredakan nyeri sendi, gatal akibat serangga, sakit perut, batuk, muntah, sakit gigi, bisul, dan sakit kepala,,,,,,,,,,,,,,,,,,,,,,,,,,,,,,,,,,,,,,,,,,,,,,,,,,,,,,
Siang Pure Oil 25 ml,Rp92.700 - Rp93.600,Oleskan pada bagian yang membutuhkan,Sesuai kebutuhan,,Herbal,Membantu meredakan:1. Hidung tersumbat2. Sakit kepala / pusing / mabuk perjalanan3. Sakit gigi,Botol @ 25 ml,,,Sentosa Karya Gemilang,BPOM: QI226020511,,Siang Pure Oil merupakan minyak gosok yang diramu berdasarkan peradaban China kuno yang digunakan untuk membantu melancarkan sirkulasi darah,,,,,,,,,,,,,,,,,,,,,,,,,,,,,,,,,,,,,,,,,,,,,,,,,,,,,,,,,,,,,,,,
Siang Pure Oil 3 ml,Rp19.700 - Rp20.100,,,,Herbal,Membantu meredakan: 1. Hidung tersumbat 2. Sakit kepala / pusing / mabuk perjalanan 3. Sakit gigi,Dus,,,,,,,,,,,,,,,,,,,,,,,,,,,,,,,,,,,,,,,,,,,,,,,,,,,,,,,,,,,,,,,,,,,,,,
Siang Pure Oil 7 ml,Rp32.100 - Rp34.800,Oleskan pada bagian yang membutuhkan,Sesuai kebutuhan,,Herbal,Membantu meredakan: 1. Hidung tersumbat 2. Sakit kepala / pusing / mabuk perjalanan 3. Sakit gigi,Dus,,,,,,,,,,,,,,,,,,,,,,,,,,,,,,,,,,,,,,,,,,,,,,,,,,,,,,,,,,,,,,,,,,,,,,
Neurosanbe Plus 10 Tablet,Rp15.200 - Rp18.700,Dapat diberikan bersama dengan makanan untuk mengurangi rasa tidak nyaman pada GI,PENGGUNAAN OBAT INI HARUS SESUAI DENGAN PETUNJUK DOKTER. 1 tablet 3 kali per hari. Maksimal 4 tablet per hari.,Pemakaian obat umumnya memiliki efek samping tertentu dan sesuai dengan masing-masing individu. Jika terjadi efek samping yang berlebih dan berbahaya,,,,,,,,,, gastritis atrofi, jumlah rendah kalium dalam darah, tekanan darah sistolik kurang dari 100 mmHg. Wanita hamil dan ibu menyusui.;Sanbe Farma;BPOM: DKL7822221909A1;HARUS DENGAN RESEP DOKTER. Jangan digunakan pada keluhan nyeri otot akibat flu atau reumatik. Gangguan hematologi, gangguan fungsi hati atau ginjal.;NEUROSANBE PLUS mengandung methampyron, vitamin B1, vitamin B6, Vitamin B12, di mana methampyron di gunakan untuk meredakan atau mengobati berbagai macam nyeri, misalnya nyeri otot, nyeri akibat sakit gigi, neuralgia dan nyeri ringan lainnya,,,,,,,,,,,,,,,,,,,,,,,,,,,,,,,,,,,,,,,,,,,,,,,,,,,,,
